complex_id,pdb_id,protein_chain,ligand_resname,ligand_smiles,target_name,species,uniprot_id,label_type,label_value,label_unit,activity_type,n_measurements,molecule_chembl_ids,template_structure_id,template_quality_score,template_resolution,template_ligand_resname,data_source,pdb_path
7rj6_A_YFV_14131,7rj6,A,YFV,,AAK1,MUS MUSCULUS,,KLIFS_quality_score,8.5,unitless,template_quality,1,,14131,8.5,2.132,YFV,KLIFS template structure,/ocean/projects/cis260039p/mjaju/projects/data/raw/pdb/7rj6.pdb
5l4q_A_LKB_6677,5l4q,A,LKB,,AAK1,HOMO SAPIENS,,KLIFS_quality_score,9.7,unitless,template_quality,1,,6677,9.7,1.97,LKB,KLIFS template structure,/ocean/projects/cis260039p/mjaju/projects/data/raw/pdb/5l4q.pdb
1fpu_B_PRC_5705,1fpu,B,PRC,,ABL1,MUS MUSCULUS,,KLIFS_quality_score,9.2,unitless,template_quality,1,,5705,9.2,2.4,PRC,KLIFS template structure,/ocean/projects/cis260039p/mjaju/projects/data/raw/pdb/1fpu.pdb
8h7f_A_QEW_14632,8h7f,A,QEW,,ABL1,HOMO SAPIENS,,KLIFS_quality_score,9.9,unitless,template_quality,1,,14632,9.9,2.45013,QEW,KLIFS template structure,/ocean/projects/cis260039p/mjaju/projects/data/raw/pdb/8h7f.pdb
4xli_A_1N1_5689,4xli,A,1N1,,ABL2,MUS MUSCULUS,,KLIFS_quality_score,8.0,unitless,template_quality,1,,5689,8,2.5,1N1,KLIFS template structure,/ocean/projects/cis260039p/mjaju/projects/data/raw/pdb/4xli.pdb
3gvu_A_STI_109,3gvu,A,STI,,ABL2,HOMO SAPIENS,,KLIFS_quality_score,9.8,unitless,template_quality,1,,109,9.8,2.05,STI,KLIFS template structure,/ocean/projects/cis260039p/mjaju/projects/data/raw/pdb/3gvu.pdb
6srh_A_LU8_11630,6srh,A,LU8,,ALK2,HOMO SAPIENS,,KLIFS_quality_score,9.6,unitless,template_quality,1,,11630,9.6,1.25,LU8,KLIFS template structure,/ocean/projects/cis260039p/mjaju/projects/data/raw/pdb/6srh.pdb
4asx_B_6OJ_2679,4asx,B,6OJ,,ACTR2,HOMO SAPIENS,,KLIFS_quality_score,9.6,unitless,template_quality,1,,2679,9.6,2.05,6OJ,KLIFS template structure,/ocean/projects/cis260039p/mjaju/projects/data/raw/pdb/4asx.pdb
2qlu_A_ADE_2940,2qlu,A,ADE,,ACTR2B,HOMO SAPIENS,,KLIFS_quality_score,8.0,unitless,template_quality,1,,2940,8,2,ADE,KLIFS template structure,/ocean/projects/cis260039p/mjaju/projects/data/raw/pdb/2qlu.pdb
3my0_B_LDN_1273,3my0,B,LDN,,ALK1,HOMO SAPIENS,,KLIFS_quality_score,9.0,unitless,template_quality,1,,1273,9,2.65,LDN,KLIFS template structure,/ocean/projects/cis260039p/mjaju/projects/data/raw/pdb/3my0.pdb
4gv1_A_0XZ_2543,4gv1,A,0XZ,,AKT1,HOMO SAPIENS,,KLIFS_quality_score,8.0,unitless,template_quality,1,,2543,8,1.49,0XZ,KLIFS template structure,/ocean/projects/cis260039p/mjaju/projects/data/raw/pdb/4gv1.pdb
3e8d_B_G98_1925,3e8d,B,G98,,AKT2,HOMO SAPIENS,,KLIFS_quality_score,9.4,unitless,template_quality,1,,1925,9.4,2.7,G98,KLIFS template structure,/ocean/projects/cis260039p/mjaju/projects/data/raw/pdb/3e8d.pdb
4z55_A_4LO_6392,4z55,A,4LO,,ALK,HOMO SAPIENS,,KLIFS_quality_score,8.0,unitless,template_quality,1,,6392,8,1.55,4LO,KLIFS template structure,/ocean/projects/cis260039p/mjaju/projects/data/raw/pdb/4z55.pdb
4af3_A_VX6_407,4af3,A,VX6,,AurB,HOMO SAPIENS,,KLIFS_quality_score,7.0,unitless,template_quality,1,,407,7,2.75,VX6,KLIFS template structure,/ocean/projects/cis260039p/mjaju/projects/data/raw/pdb/4af3.pdb
6unp_A_ADP_13794,6unp,A,ADP,,BMPR2,HOMO SAPIENS,,KLIFS_quality_score,7.6,unitless,template_quality,1,,13794,7.6,2.3,ADP,KLIFS template structure,/ocean/projects/cis260039p/mjaju/projects/data/raw/pdb/6unp.pdb
6f7b_A_CVQ_10807,6f7b,A,CVQ,,BUB1,HOMO SAPIENS,,KLIFS_quality_score,7.6,unitless,template_quality,1,,10807,7.6,2,CVQ,KLIFS template structure,/ocean/projects/cis260039p/mjaju/projects/data/raw/pdb/6f7b.pdb
6cd6_D_DXV_9708,6cd6,D,DXV,,CaMKK1,HOMO SAPIENS,,KLIFS_quality_score,7.7,unitless,template_quality,1,,9708,7.7,2.2,DXV,KLIFS template structure,/ocean/projects/cis260039p/mjaju/projects/data/raw/pdb/6cd6.pdb
5uyj_A_8R7_7559,5uyj,A,8R7,,CaMKK2,HOMO SAPIENS,,KLIFS_quality_score,9.6,unitless,template_quality,1,,7559,9.6,1.6,8R7,KLIFS template structure,/ocean/projects/cis260039p/mjaju/projects/data/raw/pdb/5uyj.pdb
7oai_A_V5W_13583,7oai,A,V5W,,CASK,HOMO SAPIENS,,KLIFS_quality_score,9.7,unitless,template_quality,1,,13583,9.7,2.3,V5W,KLIFS template structure,/ocean/projects/cis260039p/mjaju/projects/data/raw/pdb/7oai.pdb
3tku_B_M77_4859,3tku,B,M77,,MRCKb,HOMO SAPIENS,,KLIFS_quality_score,9.4,unitless,template_quality,1,,4859,9.4,2.15,M77,KLIFS template structure,/ocean/projects/cis260039p/mjaju/projects/data/raw/pdb/3tku.pdb
6ya6_A_0SX_13841,6ya6,A,0SX,,CDC7,HOMO SAPIENS,,KLIFS_quality_score,8.0,unitless,template_quality,1,,13841,8,1.44,0SX,KLIFS template structure,/ocean/projects/cis260039p/mjaju/projects/data/raw/pdb/6ya6.pdb
6gu2_A_F9Z_10776,6gu2,A,F9Z,,CDC2,HOMO SAPIENS,,KLIFS_quality_score,8.0,unitless,template_quality,1,,10776,8,2,F9Z,KLIFS template structure,/ocean/projects/cis260039p/mjaju/projects/data/raw/pdb/6gu2.pdb
4nst_C_ADP_4851,4nst,C,ADP,,CRK7,HOMO SAPIENS,,KLIFS_quality_score,9.6,unitless,template_quality,1,,4851,9.6,2.2,ADP,KLIFS template structure,/ocean/projects/cis260039p/mjaju/projects/data/raw/pdb/4nst.pdb
5efq_A_ADP_6323,5efq,A,ADP,,CHED,HOMO SAPIENS,,KLIFS_quality_score,9.2,unitless,template_quality,1,,6323,9.2,2,ADP,KLIFS template structure,/ocean/projects/cis260039p/mjaju/projects/data/raw/pdb/5efq.pdb
5g6v_A_919_7273,5g6v,A,919,,PCTAIRE1,HOMO SAPIENS,,KLIFS_quality_score,8.5,unitless,template_quality,1,,7273,8.5,2.2,919,KLIFS template structure,/ocean/projects/cis260039p/mjaju/projects/data/raw/pdb/5g6v.pdb
6q4f_A_26D_11211,6q4f,A,26D,,CDK2,HOMO SAPIENS,,KLIFS_quality_score,9.6,unitless,template_quality,1,,11211,9.6,1.21,26D,KLIFS template structure,/ocean/projects/cis260039p/mjaju/projects/data/raw/pdb/6q4f.pdb
2w96_B_0_3390,2w96,B,0,,CDK4,HOMO SAPIENS,,KLIFS_quality_score,8.0,unitless,template_quality,1,,3390,8,2.3,0,KLIFS template structure,/ocean/projects/cis260039p/mjaju/projects/data/raw/pdb/2w96.pdb
4au8_B_Z3R_2781,4au8,B,Z3R,,CDK5,HOMO SAPIENS,,KLIFS_quality_score,8.0,unitless,template_quality,1,,2781,8,1.9,Z3R,KLIFS template structure,/ocean/projects/cis260039p/mjaju/projects/data/raw/pdb/4au8.pdb
1blx_A_0_2802,1blx,A,0,,CDK6,HOMO SAPIENS,,KLIFS_quality_score,9.8,unitless,template_quality,1,,2802,9.8,1.9,0,KLIFS template structure,/ocean/projects/cis260039p/mjaju/projects/data/raw/pdb/1blx.pdb
6o9l_8_0_11055,6o9l,8,0,,CDK7,HOMO SAPIENS,,KLIFS_quality_score,8.0,unitless,template_quality,1,,11055,8,0,0,KLIFS template structure,/ocean/projects/cis260039p/mjaju/projects/data/raw/pdb/6o9l.pdb
5bnj_A_4TV_6152,5bnj,A,4TV,,CDK8,HOMO SAPIENS,,KLIFS_quality_score,8.3,unitless,template_quality,1,,6152,8.3,2.64,4TV,KLIFS template structure,/ocean/projects/cis260039p/mjaju/projects/data/raw/pdb/5bnj.pdb
4ogr_I_ADN_2241,4ogr,I,ADN,,CDK9,HOMO SAPIENS,,KLIFS_quality_score,9.7,unitless,template_quality,1,,2241,9.7,3,ADN,KLIFS template structure,/ocean/projects/cis260039p/mjaju/projects/data/raw/pdb/4ogr.pdb
4agu_A_D15_761,4agu,A,D15,,CDKL1,HOMO SAPIENS,,KLIFS_quality_score,8.0,unitless,template_quality,1,,761,8,2.4,D15,KLIFS template structure,/ocean/projects/cis260039p/mjaju/projects/data/raw/pdb/4agu.pdb
4aaa_A_DKI_962,4aaa,A,DKI,,CDKL2,HOMO SAPIENS,,KLIFS_quality_score,9.1,unitless,template_quality,1,,962,9.1,1.53,DKI,KLIFS template structure,/ocean/projects/cis260039p/mjaju/projects/data/raw/pdb/4aaa.pdb
3zdu_A_38R_4677,3zdu,A,38R,,CDKL3,HOMO SAPIENS,,KLIFS_quality_score,8.5,unitless,template_quality,1,,4677,8.5,2.2,38R,KLIFS template structure,/ocean/projects/cis260039p/mjaju/projects/data/raw/pdb/3zdu.pdb
4bgq_A_38R_1425,4bgq,A,38R,,CDKL5,HOMO SAPIENS,,KLIFS_quality_score,8.2,unitless,template_quality,1,,1425,8.2,2,38R,KLIFS template structure,/ocean/projects/cis260039p/mjaju/projects/data/raw/pdb/4bgq.pdb
7ako_B_STU_13492,7ako,B,STU,,CHK1,HOMO SAPIENS,,KLIFS_quality_score,9.9,unitless,template_quality,1,,13492,9.9,1.8,STU,KLIFS template structure,/ocean/projects/cis260039p/mjaju/projects/data/raw/pdb/7ako.pdb
2ycf_A_YCF_4774,2ycf,A,YCF,,CHK2,HOMO SAPIENS,,KLIFS_quality_score,8.0,unitless,template_quality,1,,4774,8,1.77,YCF,KLIFS template structure,/ocean/projects/cis260039p/mjaju/projects/data/raw/pdb/2ycf.pdb
5ebz_D_5TL_7144,5ebz,D,5TL,,IKKa,HOMO SAPIENS,,KLIFS_quality_score,8.0,unitless,template_quality,1,,7144,8,4.5,5TL,KLIFS template structure,/ocean/projects/cis260039p/mjaju/projects/data/raw/pdb/5ebz.pdb
6khd_B_3NG_11644,6khd,B,3NG,,CLK1,HOMO SAPIENS,,KLIFS_quality_score,9.8,unitless,template_quality,1,,11644,9.8,2.7,3NG,KLIFS template structure,/ocean/projects/cis260039p/mjaju/projects/data/raw/pdb/6khd.pdb
3nr9_A_NR9_1927,3nr9,A,NR9,,CLK2,HOMO SAPIENS,,KLIFS_quality_score,9.6,unitless,template_quality,1,,1927,9.6,2.89,NR9,KLIFS template structure,/ocean/projects/cis260039p/mjaju/projects/data/raw/pdb/3nr9.pdb
6z2v_A_KHC_12636,6z2v,A,KHC,,CLK3,HOMO SAPIENS,,KLIFS_quality_score,9.7,unitless,template_quality,1,,12636,9.7,2.6,KHC,KLIFS template structure,/ocean/projects/cis260039p/mjaju/projects/data/raw/pdb/6z2v.pdb
6fyv_A_3NG_10510,6fyv,A,3NG,,CLK4,HOMO SAPIENS,,KLIFS_quality_score,8.0,unitless,template_quality,1,,10510,8,2.46,3NG,KLIFS template structure,/ocean/projects/cis260039p/mjaju/projects/data/raw/pdb/6fyv.pdb
7udq_A_MVS_14588,7udq,A,MVS,,ADCK3,HOMO SAPIENS,,KLIFS_quality_score,7.6,unitless,template_quality,1,,14588,7.6,1.9,MVS,KLIFS template structure,/ocean/projects/cis260039p/mjaju/projects/data/raw/pdb/7udq.pdb
3lcd_A_BDY_1241,3lcd,A,BDY,,FMS,HOMO SAPIENS,,KLIFS_quality_score,9.4,unitless,template_quality,1,,1241,9.4,2.5,BDY,KLIFS template structure,/ocean/projects/cis260039p/mjaju/projects/data/raw/pdb/3lcd.pdb
3d7u_A_0_2942,3d7u,A,0,,CSK,HOMO SAPIENS,,KLIFS_quality_score,8.0,unitless,template_quality,1,,2942,8,4.11,0,KLIFS template structure,/ocean/projects/cis260039p/mjaju/projects/data/raw/pdb/3d7u.pdb
5fqd_C_0_6415,5fqd,C,0,,CK1a,HOMO SAPIENS,,KLIFS_quality_score,9.9,unitless,template_quality,1,,6415,9.9,2.45,0,KLIFS template structure,/ocean/projects/cis260039p/mjaju/projects/data/raw/pdb/5fqd.pdb
5x17_A_ADP_8544,5x17,A,ADP,,CK1d,MUS MUSCULUS,,KLIFS_quality_score,9.6,unitless,template_quality,1,,8544,9.6,2,ADP,KLIFS template structure,/ocean/projects/cis260039p/mjaju/projects/data/raw/pdb/5x17.pdb
6hmr_B_0_11611,6hmr,B,0,,CK1d,HOMO SAPIENS,,KLIFS_quality_score,9.7,unitless,template_quality,1,,11611,9.7,1.78,0,KLIFS template structure,/ocean/projects/cis260039p/mjaju/projects/data/raw/pdb/6hmr.pdb
4hok_M_0_1727,4hok,M,0,,CK1e,HOMO SAPIENS,,KLIFS_quality_score,9.0,unitless,template_quality,1,,1727,9,2.77,0,KLIFS template structure,/ocean/projects/cis260039p/mjaju/projects/data/raw/pdb/4hok.pdb
2cmw_A_OLP_5566,2cmw,A,OLP,,CK1g1,HOMO SAPIENS,,KLIFS_quality_score,9.6,unitless,template_quality,1,,5566,9.6,1.75,OLP,KLIFS template structure,/ocean/projects/cis260039p/mjaju/projects/data/raw/pdb/2cmw.pdb
2c47_B_5ID_4620,2c47,B,5ID,,CK1g2,HOMO SAPIENS,,KLIFS_quality_score,7.0,unitless,template_quality,1,,4620,7,2.4,5ID,KLIFS template structure,/ocean/projects/cis260039p/mjaju/projects/data/raw/pdb/2c47.pdb
6gro_A_F92_10002,6gro,A,F92,,CK1g3,HOMO SAPIENS,,KLIFS_quality_score,8.7,unitless,template_quality,1,,10002,8.7,1.45,F92,KLIFS template structure,/ocean/projects/cis260039p/mjaju/projects/data/raw/pdb/6gro.pdb
5cu3_B_54S_6897,5cu3,B,54S,,CK2a1,HOMO SAPIENS,,KLIFS_quality_score,9.9,unitless,template_quality,1,,6897,9.9,1.79,54S,KLIFS template structure,/ocean/projects/cis260039p/mjaju/projects/data/raw/pdb/5cu3.pdb
6qy9_A_JL2_11011,6qy9,A,JL2,,CK2a2,HOMO SAPIENS,,KLIFS_quality_score,8.9,unitless,template_quality,1,,11011,8.9,1.5,JL2,KLIFS template structure,/ocean/projects/cis260039p/mjaju/projects/data/raw/pdb/6qy9.pdb
4pf4_A_0_5643,4pf4,A,0,,DAPK1,HOMO SAPIENS,,KLIFS_quality_score,9.6,unitless,template_quality,1,,5643,9.6,1.13,0,KLIFS template structure,/ocean/projects/cis260039p/mjaju/projects/data/raw/pdb/4pf4.pdb
2yab_B_AMP_5745,2yab,B,AMP,,DAPK2,MUS MUSCULUS,,KLIFS_quality_score,8.0,unitless,template_quality,1,,5745,8,1.9,AMP,KLIFS template structure,/ocean/projects/cis260039p/mjaju/projects/data/raw/pdb/2yab.pdb
2a2a_D_0_1120,2a2a,D,0,,DAPK2,HOMO SAPIENS,,KLIFS_quality_score,8.0,unitless,template_quality,1,,1120,8,1.47,0,KLIFS template structure,/ocean/projects/cis260039p/mjaju/projects/data/raw/pdb/2a2a.pdb
2j90_A_IZA_382,2j90,A,IZA,,DAPK3,HOMO SAPIENS,,KLIFS_quality_score,9.4,unitless,template_quality,1,,382,9.4,2,IZA,KLIFS template structure,/ocean/projects/cis260039p/mjaju/projects/data/raw/pdb/2j90.pdb
5jzj_A_AN2_6984,5jzj,A,AN2,,DCLK1,HOMO SAPIENS,,KLIFS_quality_score,9.4,unitless,template_quality,1,,6984,9.4,1.71,AN2,KLIFS template structure,/ocean/projects/cis260039p/mjaju/projects/data/raw/pdb/5jzj.pdb
6brj_A_VX6_10760,6brj,A,VX6,,DDR1,HOMO SAPIENS,,KLIFS_quality_score,9.6,unitless,template_quality,1,,10760,9.6,2.23,VX6,KLIFS template structure,/ocean/projects/cis260039p/mjaju/projects/data/raw/pdb/6brj.pdb
6fer_K_D6Q_10725,6fer,K,D6Q,,DDR2,HOMO SAPIENS,,KLIFS_quality_score,7.6,unitless,template_quality,1,,10725,7.6,2.87,D6Q,KLIFS template structure,/ocean/projects/cis260039p/mjaju/projects/data/raw/pdb/6fer.pdb
2vd5_A_BI8_1901,2vd5,A,BI8,,DMPK1,HOMO SAPIENS,,KLIFS_quality_score,9.4,unitless,template_quality,1,,1901,9.4,2.8,BI8,KLIFS template structure,/ocean/projects/cis260039p/mjaju/projects/data/raw/pdb/2vd5.pdb
5aik_B_AWR_3759,5aik,B,AWR,,DYRK1A,HOMO SAPIENS,,KLIFS_quality_score,9.8,unitless,template_quality,1,,3759,9.8,2.7,AWR,KLIFS template structure,/ocean/projects/cis260039p/mjaju/projects/data/raw/pdb/5aik.pdb
8c2z_A_QS0_15180,8c2z,A,QS0,,DYRK1B,HOMO SAPIENS,,KLIFS_quality_score,8.0,unitless,template_quality,1,,15180,8,1.91,QS0,KLIFS template structure,/ocean/projects/cis260039p/mjaju/projects/data/raw/pdb/8c2z.pdb
6hdr_A_CC9_11571,6hdr,A,CC9,,DYRK2,HOMO SAPIENS,,KLIFS_quality_score,9.8,unitless,template_quality,1,,11571,9.8,2.2,CC9,KLIFS template structure,/ocean/projects/cis260039p/mjaju/projects/data/raw/pdb/6hdr.pdb
5y86_A_HRM_9876,5y86,A,HRM,,DYRK3,HOMO SAPIENS,,KLIFS_quality_score,8.0,unitless,template_quality,1,,9876,8,1.9,HRM,KLIFS template structure,/ocean/projects/cis260039p/mjaju/projects/data/raw/pdb/5y86.pdb
5d41_B_ANP_6664,5d41,B,ANP,,EGFR,HOMO SAPIENS,,KLIFS_quality_score,9.9,unitless,template_quality,1,,6664,9.9,2.31,ANP,KLIFS template structure,/ocean/projects/cis260039p/mjaju/projects/data/raw/pdb/5d41.pdb
8qel_B_UH3_14954,8qel,B,UH3,,PKR,HOMO SAPIENS,,KLIFS_quality_score,8.0,unitless,template_quality,1,,14954,8,2.451,UH3,KLIFS template structure,/ocean/projects/cis260039p/mjaju/projects/data/raw/pdb/8qel.pdb
3qd2_B_0_5802,3qd2,B,0,,PEK,MUS MUSCULUS,,KLIFS_quality_score,3.2,unitless,template_quality,1,,5802,3.2,2.81,0,KLIFS template structure,/ocean/projects/cis260039p/mjaju/projects/data/raw/pdb/3qd2.pdb
4x7k_A_3Z3_7242,4x7k,A,3Z3,,PEK,HOMO SAPIENS,,KLIFS_quality_score,8.8,unitless,template_quality,1,,7242,8.8,1.8,3Z3,KLIFS template structure,/ocean/projects/cis260039p/mjaju/projects/data/raw/pdb/4x7k.pdb
7qq6_A_38O_14116,7qq6,A,38O,,GCN2,HOMO SAPIENS,,KLIFS_quality_score,5.0,unitless,template_quality,1,,14116,5,2.8,38O,KLIFS template structure,/ocean/projects/cis260039p/mjaju/projects/data/raw/pdb/7qq6.pdb
8qqy_A_WT3_15000,8qqy,A,WT3,,EphA2,HOMO SAPIENS,,KLIFS_quality_score,8.4,unitless,template_quality,1,,15000,8.4,1.8,WT3,KLIFS template structure,/ocean/projects/cis260039p/mjaju/projects/data/raw/pdb/8qqy.pdb
4gk3_A_L87_2885,4gk3,A,L87,,EphA3,HOMO SAPIENS,,KLIFS_quality_score,9.6,unitless,template_quality,1,,2885,9.6,1.9,L87,KLIFS template structure,/ocean/projects/cis260039p/mjaju/projects/data/raw/pdb/4gk3.pdb
2y6o_A_1N1_5811,2y6o,A,1N1,,EphA4,MUS MUSCULUS,,KLIFS_quality_score,8.7,unitless,template_quality,1,,5811,8.7,1.54,1N1,KLIFS template structure,/ocean/projects/cis260039p/mjaju/projects/data/raw/pdb/2y6o.pdb
2r2p_A_0_3412,2r2p,A,0,,EphA5,HOMO SAPIENS,,KLIFS_quality_score,8.0,unitless,template_quality,1,,3412,8,2.4,0,KLIFS template structure,/ocean/projects/cis260039p/mjaju/projects/data/raw/pdb/2r2p.pdb
3dko_A_IHZ_1,3dko,A,IHZ,,EphA7,HOMO SAPIENS,,KLIFS_quality_score,8.1,unitless,template_quality,1,,1,8.1,2,IHZ,KLIFS template structure,/ocean/projects/cis260039p/mjaju/projects/data/raw/pdb/3dko.pdb
3kul_B_0_1250,3kul,B,0,,EphA8,HOMO SAPIENS,,KLIFS_quality_score,9.4,unitless,template_quality,1,,1250,9.4,2.15,0,KLIFS template structure,/ocean/projects/cis260039p/mjaju/projects/data/raw/pdb/3kul.pdb
3zfx_A_0_560,3zfx,A,0,,EphB1,HOMO SAPIENS,,KLIFS_quality_score,8.9,unitless,template_quality,1,,560,8.9,2.5,0,KLIFS template structure,/ocean/projects/cis260039p/mjaju/projects/data/raw/pdb/3zfx.pdb
2hen_D_ADP_5803,2hen,D,ADP,,EphB2,MUS MUSCULUS,,KLIFS_quality_score,8.8,unitless,template_quality,1,,5803,8.8,2.6,ADP,KLIFS template structure,/ocean/projects/cis260039p/mjaju/projects/data/raw/pdb/2hen.pdb
3zfm_A_0_2731,3zfm,A,0,,EphB2,HOMO SAPIENS,,KLIFS_quality_score,6.2,unitless,template_quality,1,,2731,6.2,2.27,0,KLIFS template structure,/ocean/projects/cis260039p/mjaju/projects/data/raw/pdb/3zfm.pdb
5l6p_A_6P8_6937,5l6p,A,6P8,,EphB3,HOMO SAPIENS,,KLIFS_quality_score,8.8,unitless,template_quality,1,,6937,8.8,2.26,6P8,KLIFS template structure,/ocean/projects/cis260039p/mjaju/projects/data/raw/pdb/5l6p.pdb
2x9f_A_X9F_359,2x9f,A,X9F,,EphB4,HOMO SAPIENS,,KLIFS_quality_score,9.7,unitless,template_quality,1,,359,9.7,1.75,X9F,KLIFS template structure,/ocean/projects/cis260039p/mjaju/projects/data/raw/pdb/2x9f.pdb
7pcd_A_70I_14320,7pcd,A,70I,,ErbB2,HOMO SAPIENS,,KLIFS_quality_score,8.0,unitless,template_quality,1,,14320,8,1.77,70I,KLIFS template structure,/ocean/projects/cis260039p/mjaju/projects/data/raw/pdb/7pcd.pdb
3lmg_B_ANP_1936,3lmg,B,ANP,,ErbB3,HOMO SAPIENS,,KLIFS_quality_score,9.7,unitless,template_quality,1,,1936,9.7,2.8,ANP,KLIFS template structure,/ocean/projects/cis260039p/mjaju/projects/data/raw/pdb/3lmg.pdb
2r4b_B_GW7_2818,2r4b,B,GW7,,ErbB4,HOMO SAPIENS,,KLIFS_quality_score,9.2,unitless,template_quality,1,,2818,9.2,2.4,GW7,KLIFS template structure,/ocean/projects/cis260039p/mjaju/projects/data/raw/pdb/2r4b.pdb
4pl3_A_ADP_5769,4pl3,A,ADP,,IRE1,MUS MUSCULUS,,KLIFS_quality_score,9.6,unitless,template_quality,1,,5769,9.6,2.9,ADP,KLIFS template structure,/ocean/projects/cis260039p/mjaju/projects/data/raw/pdb/4pl3.pdb
4z7h_B_4L5_1801,4z7h,B,4L5,,IRE1,HOMO SAPIENS,,KLIFS_quality_score,9.7,unitless,template_quality,1,,1801,9.7,2.9,4L5,KLIFS template structure,/ocean/projects/cis260039p/mjaju/projects/data/raw/pdb/4z7h.pdb
3bkb_A_STU_2810,3bkb,A,STU,,FES,HOMO SAPIENS,,KLIFS_quality_score,9.7,unitless,template_quality,1,,2810,9.7,1.78,STU,KLIFS template structure,/ocean/projects/cis260039p/mjaju/projects/data/raw/pdb/3bkb.pdb
4uwb_B_JVT_6018,4uwb,B,JVT,,FGFR1,HOMO SAPIENS,,KLIFS_quality_score,9.7,unitless,template_quality,1,,6018,9.7,2.31,JVT,KLIFS template structure,/ocean/projects/cis260039p/mjaju/projects/data/raw/pdb/4uwb.pdb
4j98_B_ACP_472,4j98,B,ACP,,FGFR2,HOMO SAPIENS,,KLIFS_quality_score,9.7,unitless,template_quality,1,,472,9.7,2.31,ACP,KLIFS template structure,/ocean/projects/cis260039p/mjaju/projects/data/raw/pdb/4j98.pdb
8udu_A_WIQ_15204,8udu,A,WIQ,,FGFR3,HOMO SAPIENS,,KLIFS_quality_score,8.0,unitless,template_quality,1,,15204,8,1.737,WIQ,KLIFS template structure,/ocean/projects/cis260039p/mjaju/projects/data/raw/pdb/8udu.pdb
7wcx_A_90F_14166,7wcx,A,90F,,FGFR4,HOMO SAPIENS,,KLIFS_quality_score,9.6,unitless,template_quality,1,,14166,9.6,2.175,90F,KLIFS template structure,/ocean/projects/cis260039p/mjaju/projects/data/raw/pdb/7wcx.pdb
7uy3_A_OJL_14567,7uy3,A,OJL,,FGR,HOMO SAPIENS,,KLIFS_quality_score,9.6,unitless,template_quality,1,,14567,9.6,2.99,OJL,KLIFS template structure,/ocean/projects/cis260039p/mjaju/projects/data/raw/pdb/7uy3.pdb
3hng_A_8ST_3837,3hng,A,8ST,,FLT1,HOMO SAPIENS,,KLIFS_quality_score,7.6,unitless,template_quality,1,,3837,7.6,2.7,8ST,KLIFS template structure,/ocean/projects/cis260039p/mjaju/projects/data/raw/pdb/3hng.pdb
5x02_A_F6M_9522,5x02,A,F6M,,FLT3,HOMO SAPIENS,,KLIFS_quality_score,9.1,unitless,template_quality,1,,9522,9.1,2.4,F6M,KLIFS template structure,/ocean/projects/cis260039p/mjaju/projects/data/raw/pdb/5x02.pdb
2dq7_X_STU_1941,2dq7,X,STU,,FYN,HOMO SAPIENS,,KLIFS_quality_score,8.0,unitless,template_quality,1,,1941,8,2.8,STU,KLIFS template structure,/ocean/projects/cis260039p/mjaju/projects/data/raw/pdb/2dq7.pdb
4c58_A_824_333,4c58,A,824,,GAK,HOMO SAPIENS,,KLIFS_quality_score,9.4,unitless,template_quality,1,,333,9.4,2.16,824,KLIFS template structure,/ocean/projects/cis260039p/mjaju/projects/data/raw/pdb/4c58.pdb
3v5w_A_8PR_1705,3v5w,A,8PR,,BARK1,HOMO SAPIENS,,KLIFS_quality_score,8.0,unitless,template_quality,1,,1705,8,2.07,8PR,KLIFS template structure,/ocean/projects/cis260039p/mjaju/projects/data/raw/pdb/3v5w.pdb
4yhj_A_AN2_422,4yhj,A,AN2,,GPRK4,HOMO SAPIENS,,KLIFS_quality_score,8.0,unitless,template_quality,1,,422,8,2.6,AN2,KLIFS template structure,/ocean/projects/cis260039p/mjaju/projects/data/raw/pdb/4yhj.pdb
4tnd_A_ANP_3275,4tnd,A,ANP,,GPRK5,HOMO SAPIENS,,KLIFS_quality_score,8.0,unitless,template_quality,1,,3275,8,1.8,ANP,KLIFS template structure,/ocean/projects/cis260039p/mjaju/projects/data/raw/pdb/4tnd.pdb
2acx_B_ANP_417,2acx,B,ANP,,GPRK6,HOMO SAPIENS,,KLIFS_quality_score,8.0,unitless,template_quality,1,,417,8,2.6,ANP,KLIFS template structure,/ocean/projects/cis260039p/mjaju/projects/data/raw/pdb/2acx.pdb
7o7i_A_0_13996,7o7i,A,0,,HIPK3,HOMO SAPIENS,,KLIFS_quality_score,9.6,unitless,template_quality,1,,13996,9.6,2.5,0,KLIFS template structure,/ocean/projects/cis260039p/mjaju/projects/data/raw/pdb/7o7i.pdb
7tym_A_0_14611,7tym,A,0,,IRR,HOMO SAPIENS,,KLIFS_quality_score,4.0,unitless,template_quality,1,,14611,4,3.4,0,KLIFS template structure,/ocean/projects/cis260039p/mjaju/projects/data/raw/pdb/7tym.pdb
3lxl_A_IZA_434,3lxl,A,IZA,,JAK3,HOMO SAPIENS,,KLIFS_quality_score,9.9,unitless,template_quality,1,,434,9.9,1.74,IZA,KLIFS template structure,/ocean/projects/cis260039p/mjaju/projects/data/raw/pdb/3lxl.pdb
3s95_B_STU_1245,3s95,B,STU,,LIMK1,HOMO SAPIENS,,KLIFS_quality_score,8.9,unitless,template_quality,1,,1245,8.9,1.65,STU,KLIFS template structure,/ocean/projects/cis260039p/mjaju/projects/data/raw/pdb/3s95.pdb
7qhg_A_T3B_14021,7qhg,A,T3B,,LIMK2,HOMO SAPIENS,,KLIFS_quality_score,9.1,unitless,template_quality,1,,14021,9.1,1.45,T3B,KLIFS template structure,/ocean/projects/cis260039p/mjaju/projects/data/raw/pdb/7qhg.pdb
6seq_A_0_12995,6seq,A,0,,LMR3,HOMO SAPIENS,,KLIFS_quality_score,6.8,unitless,template_quality,1,,12995,6.8,2.1,0,KLIFS template structure,/ocean/projects/cis260039p/mjaju/projects/data/raw/pdb/6seq.pdb
8e06_A_0_14881,8e06,A,0,,LRRK1,HOMO SAPIENS,,KLIFS_quality_score,4.0,unitless,template_quality,1,,14881,4,4.3,0,KLIFS template structure,/ocean/projects/cis260039p/mjaju/projects/data/raw/pdb/8e06.pdb
8u7l_A_0_15184,8u7l,A,0,,LRRK2,HOMO SAPIENS,,KLIFS_quality_score,5.2,unitless,template_quality,1,,15184,5.2,3.6,0,KLIFS template structure,/ocean/projects/cis260039p/mjaju/projects/data/raw/pdb/8u7l.pdb
2zv7_A_0_5771,2zv7,A,0,,LYN,MUS MUSCULUS,,KLIFS_quality_score,9.6,unitless,template_quality,1,,5771,9.6,2.5,0,KLIFS template structure,/ocean/projects/cis260039p/mjaju/projects/data/raw/pdb/2zv7.pdb
5xy1_A_8H0_8271,5xy1,A,8H0,,LYN,HOMO SAPIENS,,KLIFS_quality_score,8.0,unitless,template_quality,1,,8271,8,2.7,8H0,KLIFS template structure,/ocean/projects/cis260039p/mjaju/projects/data/raw/pdb/5xy1.pdb
3zlw_A_MT8_3278,3zlw,A,MT8,,MAP2K1,HOMO SAPIENS,,KLIFS_quality_score,9.7,unitless,template_quality,1,,3278,9.7,2.12,MT8,KLIFS template structure,/ocean/projects/cis260039p/mjaju/projects/data/raw/pdb/3zlw.pdb
1s9i_B_ATP_2770,1s9i,B,ATP,,MAP2K2,HOMO SAPIENS,,KLIFS_quality_score,8.0,unitless,template_quality,1,,2770,8,3.2,ATP,KLIFS template structure,/ocean/projects/cis260039p/mjaju/projects/data/raw/pdb/1s9i.pdb
3aln_A_ANP_2832,3aln,A,ANP,,MAP2K4,HOMO SAPIENS,,KLIFS_quality_score,9.7,unitless,template_quality,1,,2832,9.7,2.3,ANP,KLIFS template structure,/ocean/projects/cis260039p/mjaju/projects/data/raw/pdb/3aln.pdb
3vn9_A_ANK_1228,3vn9,A,ANK,,MAP2K6,HOMO SAPIENS,,KLIFS_quality_score,9.5,unitless,template_quality,1,,1228,9.5,2.6,ANK,KLIFS template structure,/ocean/projects/cis260039p/mjaju/projects/data/raw/pdb/3vn9.pdb
6yg0_A_0_12695,6yg0,A,0,,MAP2K7,HOMO SAPIENS,,KLIFS_quality_score,9.6,unitless,template_quality,1,,12695,9.6,2,0,KLIFS template structure,/ocean/projects/cis260039p/mjaju/projects/data/raw/pdb/6yg0.pdb
5cen_A_0_6157,5cen,A,0,,DLK,HOMO SAPIENS,,KLIFS_quality_score,8.0,unitless,template_quality,1,,6157,8,1.7,0,KLIFS template structure,/ocean/projects/cis260039p/mjaju/projects/data/raw/pdb/5cen.pdb
4g3f_A_0WB_5788,4g3f,A,0WB,,NIK,MUS MUSCULUS,,KLIFS_quality_score,8.0,unitless,template_quality,1,,5788,8,1.64,0WB,KLIFS template structure,/ocean/projects/cis260039p/mjaju/projects/data/raw/pdb/4g3f.pdb
4idt_B_T28_2207,4idt,B,T28,,NIK,HOMO SAPIENS,,KLIFS_quality_score,8.0,unitless,template_quality,1,,2207,8,2.4,T28,KLIFS template structure,/ocean/projects/cis260039p/mjaju/projects/data/raw/pdb/4idt.pdb
6juu_A_C9R_12166,6juu,A,C9R,,ZAK,HOMO SAPIENS,,KLIFS_quality_score,9.7,unitless,template_quality,1,,12166,9.7,1.9,C9R,KLIFS template structure,/ocean/projects/cis260039p/mjaju/projects/data/raw/pdb/6juu.pdb
4uya_A_AGS_6126,4uya,A,AGS,,MLK4,HOMO SAPIENS,,KLIFS_quality_score,5.2,unitless,template_quality,1,,6126,5.2,2.8,AGS,KLIFS template structure,/ocean/projects/cis260039p/mjaju/projects/data/raw/pdb/4uya.pdb
4bhn_A_BH9_4754,4bhn,A,BH9,,MAP3K5,HOMO SAPIENS,,KLIFS_quality_score,9.9,unitless,template_quality,1,,4754,9.9,2.3,BH9,KLIFS template structure,/ocean/projects/cis260039p/mjaju/projects/data/raw/pdb/4bhn.pdb
5jga_A_6KC_6886,5jga,A,6KC,,TAK1,HOMO SAPIENS,,KLIFS_quality_score,9.5,unitless,template_quality,1,,6886,9.5,2,6KC,KLIFS template structure,/ocean/projects/cis260039p/mjaju/projects/data/raw/pdb/5jga.pdb
4y85_B_499_429,4y85,B,499,,COT,HOMO SAPIENS,,KLIFS_quality_score,8.4,unitless,template_quality,1,,429,8.4,2.33,499,KLIFS template structure,/ocean/projects/cis260039p/mjaju/projects/data/raw/pdb/4y85.pdb
4uy9_A_0_6127,4uy9,A,0,,MLK1,HOMO SAPIENS,,KLIFS_quality_score,9.6,unitless,template_quality,1,,6127,9.6,2.81,0,KLIFS template structure,/ocean/projects/cis260039p/mjaju/projects/data/raw/pdb/4uy9.pdb
8fjz_A_Y3I_14691,8fjz,A,Y3I,,HPK1,HOMO SAPIENS,,KLIFS_quality_score,9.4,unitless,template_quality,1,,14691,9.4,1.897,Y3I,KLIFS template structure,/ocean/projects/cis260039p/mjaju/projects/data/raw/pdb/8fjz.pdb
5j5t_A_6G2_7133,5j5t,A,6G2,,KHS2,HOMO SAPIENS,,KLIFS_quality_score,9.7,unitless,template_quality,1,,7133,9.7,2.85,6G2,KLIFS template structure,/ocean/projects/cis260039p/mjaju/projects/data/raw/pdb/5j5t.pdb
4rvt_A_3XM_2751,4rvt,A,3XM,,HGK,HOMO SAPIENS,,KLIFS_quality_score,8.6,unitless,template_quality,1,,2751,8.6,2.4,3XM,KLIFS template structure,/ocean/projects/cis260039p/mjaju/projects/data/raw/pdb/4rvt.pdb
4zzn_A_CQ8_2605,4zzn,A,CQ8,,Erk2,HOMO SAPIENS,,KLIFS_quality_score,9.8,unitless,template_quality,1,,2605,9.8,1.33,CQ8,KLIFS template structure,/ocean/projects/cis260039p/mjaju/projects/data/raw/pdb/4zzn.pdb
4h36_A_0_3459,4h36,A,0,,JNK3,HOMO SAPIENS,,KLIFS_quality_score,9.8,unitless,template_quality,1,,3459,9.8,3,0,KLIFS template structure,/ocean/projects/cis260039p/mjaju/projects/data/raw/pdb/4h36.pdb
7n8t_A_AMP_14241,7n8t,A,AMP,,JNK2,HOMO SAPIENS,,KLIFS_quality_score,8.0,unitless,template_quality,1,,14241,8,1.69,AMP,KLIFS template structure,/ocean/projects/cis260039p/mjaju/projects/data/raw/pdb/7n8t.pdb
1nxk_A_STU_1342,1nxk,A,STU,,MAPKAPK2,HOMO SAPIENS,,KLIFS_quality_score,9.7,unitless,template_quality,1,,1342,9.7,2.7,STU,KLIFS template structure,/ocean/projects/cis260039p/mjaju/projects/data/raw/pdb/1nxk.pdb
3fhr_A_P4O_4590,3fhr,A,P4O,,MAPKAPK3,HOMO SAPIENS,,KLIFS_quality_score,8.0,unitless,template_quality,1,,4590,8,1.9,P4O,KLIFS template structure,/ocean/projects/cis260039p/mjaju/projects/data/raw/pdb/3fhr.pdb
2hak_H_0_261,2hak,H,0,,MARK1,HOMO SAPIENS,,KLIFS_quality_score,9.0,unitless,template_quality,1,,261,9,2.6,0,KLIFS template structure,/ocean/projects/cis260039p/mjaju/projects/data/raw/pdb/2hak.pdb
5kz8_B_6Z5_7968,5kz8,B,6Z5,,MARK2,HOMO SAPIENS,,KLIFS_quality_score,8.8,unitless,template_quality,1,,7968,8.8,3.21,6Z5,KLIFS template structure,/ocean/projects/cis260039p/mjaju/projects/data/raw/pdb/5kz8.pdb
2qnj_A_0_3269,2qnj,A,0,,MARK3,HOMO SAPIENS,,KLIFS_quality_score,8.6,unitless,template_quality,1,,3269,8.6,2.7,0,KLIFS template structure,/ocean/projects/cis260039p/mjaju/projects/data/raw/pdb/2qnj.pdb
8xfl_A_0_15101,8xfl,A,0,,MARK4,HOMO SAPIENS,,KLIFS_quality_score,8.0,unitless,template_quality,1,,15101,8,3,0,KLIFS template structure,/ocean/projects/cis260039p/mjaju/projects/data/raw/pdb/8xfl.pdb
5loh_A_STU_7085,5loh,A,STU,,MASTL,HOMO SAPIENS,,KLIFS_quality_score,4.2,unitless,template_quality,1,,7085,4.2,3.1,STU,KLIFS template structure,/ocean/projects/cis260039p/mjaju/projects/data/raw/pdb/5loh.pdb
4bfm_A_ANP_5798,4bfm,A,ANP,,MELK,MUS MUSCULUS,,KLIFS_quality_score,8.0,unitless,template_quality,1,,5798,8,2.35,ANP,KLIFS template structure,/ocean/projects/cis260039p/mjaju/projects/data/raw/pdb/4bfm.pdb
4d2v_C_45R_2492,4d2v,C,45R,,MELK,HOMO SAPIENS,,KLIFS_quality_score,9.7,unitless,template_quality,1,,2492,9.7,2.45,45R,KLIFS template structure,/ocean/projects/cis260039p/mjaju/projects/data/raw/pdb/4d2v.pdb
3bpr_C_OLP_276,3bpr,C,OLP,,MER,HOMO SAPIENS,,KLIFS_quality_score,9.3,unitless,template_quality,1,,276,9.3,2.8,OLP,KLIFS template structure,/ocean/projects/cis260039p/mjaju/projects/data/raw/pdb/3bpr.pdb
4r1v_A_3E8_2972,4r1v,A,3E8,,MET,HOMO SAPIENS,,KLIFS_quality_score,8.0,unitless,template_quality,1,,2972,8,1.2,3E8,KLIFS template structure,/ocean/projects/cis260039p/mjaju/projects/data/raw/pdb/4r1v.pdb
2hw6_A_0_2084,2hw6,A,0,,MNK1,HOMO SAPIENS,,KLIFS_quality_score,7.2,unitless,template_quality,1,,2084,7.2,2.5,0,KLIFS template structure,/ocean/projects/cis260039p/mjaju/projects/data/raw/pdb/2hw6.pdb
6jlr_A_BV9_11968,6jlr,A,BV9,,MNK2,HOMO SAPIENS,,KLIFS_quality_score,8.6,unitless,template_quality,1,,11968,8.6,2.9,BV9,KLIFS template structure,/ocean/projects/cis260039p/mjaju/projects/data/raw/pdb/6jlr.pdb
4m68_A_0_5819,4m68,A,0,,MLKL,MUS MUSCULUS,,KLIFS_quality_score,8.5,unitless,template_quality,1,,5819,8.5,1.7,0,KLIFS template structure,/ocean/projects/cis260039p/mjaju/projects/data/raw/pdb/4m68.pdb
7mon_A_ZL1_13980,7mon,A,ZL1,,MLKL,HOMO SAPIENS,,KLIFS_quality_score,9.2,unitless,template_quality,1,,13980,9.2,2.23,ZL1,KLIFS template structure,/ocean/projects/cis260039p/mjaju/projects/data/raw/pdb/7mon.pdb
8zkd_A_ANP_15346,8zkd,A,ANP,,RON,HOMO SAPIENS,,KLIFS_quality_score,8.0,unitless,template_quality,1,,15346,8,2.05,ANP,KLIFS template structure,/ocean/projects/cis260039p/mjaju/projects/data/raw/pdb/8zkd.pdb
5zcs_B_0_9749,5zcs,B,0,,FRAP,HOMO SAPIENS,,KLIFS_quality_score,9.6,unitless,template_quality,1,,9749,9.6,0,0,KLIFS template structure,/ocean/projects/cis260039p/mjaju/projects/data/raw/pdb/5zcs.pdb
2x4f_B_16X_4866,2x4f,B,16X,,SgK085,HOMO SAPIENS,,KLIFS_quality_score,8.7,unitless,template_quality,1,,4866,8.7,2.67,16X,KLIFS template structure,/ocean/projects/cis260039p/mjaju/projects/data/raw/pdb/2x4f.pdb
4b9d_B_CK7_1209,4b9d,B,CK7,,NEK1,HOMO SAPIENS,,KLIFS_quality_score,6.7,unitless,template_quality,1,,1209,6.7,1.9,CK7,KLIFS template structure,/ocean/projects/cis260039p/mjaju/projects/data/raw/pdb/4b9d.pdb
5m53_A_7GJ_7159,5m53,A,7GJ,,NEK2,HOMO SAPIENS,,KLIFS_quality_score,7.6,unitless,template_quality,1,,7159,7.6,1.9,7GJ,KLIFS template structure,/ocean/projects/cis260039p/mjaju/projects/data/raw/pdb/5m53.pdb
6s73_A_F9N_12357,6s73,A,F9N,,NEK7,HOMO SAPIENS,,KLIFS_quality_score,8.0,unitless,template_quality,1,,12357,8,3.5,F9N,KLIFS template structure,/ocean/projects/cis260039p/mjaju/projects/data/raw/pdb/6s73.pdb
4pmp_A_31W_3608,4pmp,A,31W,,TRKA,HOMO SAPIENS,,KLIFS_quality_score,9.3,unitless,template_quality,1,,3608,9.3,1.8,31W,KLIFS template structure,/ocean/projects/cis260039p/mjaju/projects/data/raw/pdb/4pmp.pdb
4at3_A_LTI_3600,4at3,A,LTI,,TRKB,HOMO SAPIENS,,KLIFS_quality_score,8.0,unitless,template_quality,1,,3600,8,1.77,LTI,KLIFS template structure,/ocean/projects/cis260039p/mjaju/projects/data/raw/pdb/4at3.pdb
6kzc_A_DZC_11696,6kzc,A,DZC,,TRKC,HOMO SAPIENS,,KLIFS_quality_score,8.0,unitless,template_quality,1,,11696,8,2,DZC,KLIFS template structure,/ocean/projects/cis260039p/mjaju/projects/data/raw/pdb/6kzc.pdb
2vwi_D_ANP_4833,2vwi,D,ANP,,OSR1,HOMO SAPIENS,,KLIFS_quality_score,9.8,unitless,template_quality,1,,4833,9.8,2.15,ANP,KLIFS template structure,/ocean/projects/cis260039p/mjaju/projects/data/raw/pdb/2vwi.pdb
2hy8_1_1ST_172,2hy8,1,1ST,,PAK1,HOMO SAPIENS,,KLIFS_quality_score,9.6,unitless,template_quality,1,,172,9.6,2,1ST,KLIFS template structure,/ocean/projects/cis260039p/mjaju/projects/data/raw/pdb/2hy8.pdb
6fd3_A_ADP_9462,6fd3,A,ADP,,PAK3,HOMO SAPIENS,,KLIFS_quality_score,8.0,unitless,template_quality,1,,9462,8,1.52,ADP,KLIFS template structure,/ocean/projects/cis260039p/mjaju/projects/data/raw/pdb/6fd3.pdb
2q0n_A_0_1393,2q0n,A,0,,PAK4,HOMO SAPIENS,,KLIFS_quality_score,9.7,unitless,template_quality,1,,1393,9.7,1.75,0,KLIFS template structure,/ocean/projects/cis260039p/mjaju/projects/data/raw/pdb/2q0n.pdb
2f57_B_23D_199,2f57,B,23D,,PAK5,HOMO SAPIENS,,KLIFS_quality_score,9.9,unitless,template_quality,1,,199,9.9,1.8,23D,KLIFS template structure,/ocean/projects/cis260039p/mjaju/projects/data/raw/pdb/2f57.pdb
2c30_A_0_4679,2c30,A,0,,PAK6,HOMO SAPIENS,,KLIFS_quality_score,8.9,unitless,template_quality,1,,4679,8.9,1.6,0,KLIFS template structure,/ocean/projects/cis260039p/mjaju/projects/data/raw/pdb/2c30.pdb
3dls_C_ADP_3377,3dls,C,ADP,,PASK,HOMO SAPIENS,,KLIFS_quality_score,8.0,unitless,template_quality,1,,3377,8,2.3,ADP,KLIFS template structure,/ocean/projects/cis260039p/mjaju/projects/data/raw/pdb/3dls.pdb
6bhc_A_0_9068,6bhc,A,0,,SgK269,HOMO SAPIENS,,KLIFS_quality_score,3.2,unitless,template_quality,1,,9068,3.2,2.3,0,KLIFS template structure,/ocean/projects/cis260039p/mjaju/projects/data/raw/pdb/6bhc.pdb
8xyb_C_0_15264,8xyb,C,0,,PHKg1,HOMO SAPIENS,,KLIFS_quality_score,8.0,unitless,template_quality,1,,15264,8,3.1,0,KLIFS template structure,/ocean/projects/cis260039p/mjaju/projects/data/raw/pdb/8xyb.pdb
2y7j_B_B49_1895,2y7j,B,B49,,PHKg2,HOMO SAPIENS,,KLIFS_quality_score,9.6,unitless,template_quality,1,,1895,9.6,2.5,B49,KLIFS template structure,/ocean/projects/cis260039p/mjaju/projects/data/raw/pdb/2y7j.pdb
4yc4_A_M59_9258,4yc4,A,M59,,PI4K2A,HOMO SAPIENS,,KLIFS_quality_score,8.5,unitless,template_quality,1,,9258,8.5,2.58,M59,KLIFS template structure,/ocean/projects/cis260039p/mjaju/projects/data/raw/pdb/4yc4.pdb
4wtv_A_ATP_9095,4wtv,A,ATP,,PI4K2B,HOMO SAPIENS,,KLIFS_quality_score,8.9,unitless,template_quality,1,,9095,8.9,1.9,ATP,KLIFS template structure,/ocean/projects/cis260039p/mjaju/projects/data/raw/pdb/4wtv.pdb
6bq1_E_E4S_9069,6bq1,E,E4S,,PI4KA,HOMO SAPIENS,,KLIFS_quality_score,6.8,unitless,template_quality,1,,9069,6.8,0,E4S,KLIFS template structure,/ocean/projects/cis260039p/mjaju/projects/data/raw/pdb/6bq1.pdb
4d0l_E_093_9139,4d0l,E,093,,PI4KB,HOMO SAPIENS,,KLIFS_quality_score,9.4,unitless,template_quality,1,,9139,9.4,2.94,093,KLIFS template structure,/ocean/projects/cis260039p/mjaju/projects/data/raw/pdb/4d0l.pdb
7bi6_A_ATP_14149,7bi6,A,ATP,,Pik3c2a,MUS MUSCULUS,,KLIFS_quality_score,9.3,unitless,template_quality,1,,14149,9.3,2.75,ATP,KLIFS template structure,/ocean/projects/cis260039p/mjaju/projects/data/raw/pdb/7bi6.pdb
5anl_A_RBQ_9349,5anl,A,RBQ,,PIK3C3,HOMO SAPIENS,,KLIFS_quality_score,9.6,unitless,template_quality,1,,9349,9.6,2.7,RBQ,KLIFS template structure,/ocean/projects/cis260039p/mjaju/projects/data/raw/pdb/5anl.pdb
4a55_A_P08_9403,4a55,A,P08,,p110a,MUS MUSCULUS,,KLIFS_quality_score,7.6,unitless,template_quality,1,,9403,7.6,3.5,P08,KLIFS template structure,/ocean/projects/cis260039p/mjaju/projects/data/raw/pdb/4a55.pdb
4l23_A_X6K_9290,4l23,A,X6K,,p110a,HOMO SAPIENS,,KLIFS_quality_score,9.6,unitless,template_quality,1,,9290,9.6,2.5,X6K,KLIFS template structure,/ocean/projects/cis260039p/mjaju/projects/data/raw/pdb/4l23.pdb
4bfr_B_J82_9401,4bfr,B,J82,,p110b,MUS MUSCULUS,,KLIFS_quality_score,8.0,unitless,template_quality,1,,9401,8,2.8,J82,KLIFS template structure,/ocean/projects/cis260039p/mjaju/projects/data/raw/pdb/4bfr.pdb
7r26_A_SD5_14231,7r26,A,SD5,,p110d,MUS MUSCULUS,,KLIFS_quality_score,8.7,unitless,template_quality,1,,14231,8.7,2.3,SD5,KLIFS template structure,/ocean/projects/cis260039p/mjaju/projects/data/raw/pdb/7r26.pdb
5ubt_A_85S_9092,5ubt,A,85S,,p110d,HOMO SAPIENS,,KLIFS_quality_score,9.1,unitless,template_quality,1,,9092,9.1,2.83,85S,KLIFS template structure,/ocean/projects/cis260039p/mjaju/projects/data/raw/pdb/5ubt.pdb
4ful_A_0VU_9242,4ful,A,0VU,,p110g,HOMO SAPIENS,,KLIFS_quality_score,9.5,unitless,template_quality,1,,9242,9.5,2.47,0VU,KLIFS template structure,/ocean/projects/cis260039p/mjaju/projects/data/raw/pdb/4ful.pdb
8sor_D_0_14802,8sor,D,0,,PIK3R4,HOMO SAPIENS,,KLIFS_quality_score,0.0,unitless,template_quality,1,,14802,0,3.96,0,KLIFS template structure,/ocean/projects/cis260039p/mjaju/projects/data/raw/pdb/8sor.pdb
3cy3_A_JN5_2443,3cy3,A,JN5,,PIM1,HOMO SAPIENS,,KLIFS_quality_score,9.9,unitless,template_quality,1,,2443,9.9,2.15,JN5,KLIFS template structure,/ocean/projects/cis260039p/mjaju/projects/data/raw/pdb/3cy3.pdb
2iwi_A_HB1_7217,2iwi,A,HB1,,PIM2,HOMO SAPIENS,,KLIFS_quality_score,8.0,unitless,template_quality,1,,7217,8,2.8,HB1,KLIFS template structure,/ocean/projects/cis260039p/mjaju/projects/data/raw/pdb/2iwi.pdb
8d6c_A_QGR_14296,8d6c,A,QGR,,MYT1,HOMO SAPIENS,,KLIFS_quality_score,9.7,unitless,template_quality,1,,14296,9.7,2.2,QGR,KLIFS template structure,/ocean/projects/cis260039p/mjaju/projects/data/raw/pdb/8d6c.pdb
4otd_A_0_546,4otd,A,0,,PKN1,HOMO SAPIENS,,KLIFS_quality_score,8.9,unitless,template_quality,1,,546,8.9,2,0,KLIFS template structure,/ocean/projects/cis260039p/mjaju/projects/data/raw/pdb/4otd.pdb
4crs_A_AGS_535,4crs,A,AGS,,PKN2,HOMO SAPIENS,,KLIFS_quality_score,8.0,unitless,template_quality,1,,535,8,2.75,AGS,KLIFS template structure,/ocean/projects/cis260039p/mjaju/projects/data/raw/pdb/4crs.pdb
2v5q_B_0_4961,2v5q,B,0,,PLK1,HOMO SAPIENS,,KLIFS_quality_score,9.8,unitless,template_quality,1,,4961,9.8,2.3,0,KLIFS template structure,/ocean/projects/cis260039p/mjaju/projects/data/raw/pdb/2v5q.pdb
4i5p_A_1D1_5560,4i5p,A,1D1,,PLK2,HOMO SAPIENS,,KLIFS_quality_score,8.0,unitless,template_quality,1,,5560,8,1.74,1D1,KLIFS template structure,/ocean/projects/cis260039p/mjaju/projects/data/raw/pdb/4i5p.pdb
4b6l_A_9ZP_3797,4b6l,A,9ZP,,PLK3,HOMO SAPIENS,,KLIFS_quality_score,8.0,unitless,template_quality,1,,3797,8,1.9,9ZP,KLIFS template structure,/ocean/projects/cis260039p/mjaju/projects/data/raw/pdb/4b6l.pdb
3cok_A_ANP_1818,3cok,A,ANP,,PLK4,HOMO SAPIENS,,KLIFS_quality_score,8.8,unitless,template_quality,1,,1818,8.8,2.25,ANP,KLIFS template structure,/ocean/projects/cis260039p/mjaju/projects/data/raw/pdb/3cok.pdb
5gz9_A_ANP_8034,5gz9,A,ANP,,SGK196,MUS MUSCULUS,,KLIFS_quality_score,4.0,unitless,template_quality,1,,8034,4,2.4,ANP,KLIFS template structure,/ocean/projects/cis260039p/mjaju/projects/data/raw/pdb/5gz9.pdb
5ve6_A_0_8573,5ve6,A,0,,SgK223,HOMO SAPIENS,,KLIFS_quality_score,1.2,unitless,template_quality,1,,8573,1.2,2.95,0,KLIFS template structure,/ocean/projects/cis260039p/mjaju/projects/data/raw/pdb/5ve6.pdb
5ufu_A_STU_7590,5ufu,A,STU,,AMPKa1,MUS MUSCULUS,,KLIFS_quality_score,8.5,unitless,template_quality,1,,7590,8.5,3.45,STU,KLIFS template structure,/ocean/projects/cis260039p/mjaju/projects/data/raw/pdb/5ufu.pdb
6c9h_A_STU_10714,6c9h,A,STU,,AMPKa1,HOMO SAPIENS,,KLIFS_quality_score,8.0,unitless,template_quality,1,,10714,8,2.65,STU,KLIFS template structure,/ocean/projects/cis260039p/mjaju/projects/data/raw/pdb/6c9h.pdb
5li9_A_ACP_7068,5li9,A,ACP,,PKCi,HOMO SAPIENS,,KLIFS_quality_score,9.0,unitless,template_quality,1,,7068,9,1.79,ACP,KLIFS template structure,/ocean/projects/cis260039p/mjaju/projects/data/raw/pdb/5li9.pdb
6pk6_A_OND_11582,6pk6,A,OND,,PRP4,HOMO SAPIENS,,KLIFS_quality_score,9.6,unitless,template_quality,1,,11582,9.6,2.1,OND,KLIFS template structure,/ocean/projects/cis260039p/mjaju/projects/data/raw/pdb/6pk6.pdb
6zxg_z_ATP_13012,6zxg,z,ATP,,RIOK1,HOMO SAPIENS,,KLIFS_quality_score,9.3,unitless,template_quality,1,,13012,9.3,2.6,ATP,KLIFS template structure,/ocean/projects/cis260039p/mjaju/projects/data/raw/pdb/6zxg.pdb
6tu9_A_0LI_11944,6tu9,A,0LI,,ROR1,HOMO SAPIENS,,KLIFS_quality_score,7.2,unitless,template_quality,1,,11944,7.2,1.94,0LI,KLIFS template structure,/ocean/projects/cis260039p/mjaju/projects/data/raw/pdb/6tu9.pdb
4gt4_A_0_414,4gt4,A,0,,ROR2,HOMO SAPIENS,,KLIFS_quality_score,7.6,unitless,template_quality,1,,414,7.6,2.41,0,KLIFS template structure,/ocean/projects/cis260039p/mjaju/projects/data/raw/pdb/4gt4.pdb
4uxl_A_5P8_198,4uxl,A,5P8,,ROS,HOMO SAPIENS,,KLIFS_quality_score,8.0,unitless,template_quality,1,,198,8,2.4,5P8,KLIFS template structure,/ocean/projects/cis260039p/mjaju/projects/data/raw/pdb/4uxl.pdb
2z7q_A_ACP_2778,2z7q,A,ACP,,RSK3,HOMO SAPIENS,,KLIFS_quality_score,4.8,unitless,template_quality,1,,2778,4.8,2,ACP,KLIFS template structure,/ocean/projects/cis260039p/mjaju/projects/data/raw/pdb/2z7q.pdb
4nif_D_0_5571,4nif,D,0,,RSK3-b,HOMO SAPIENS,,KLIFS_quality_score,9.6,unitless,template_quality,1,,5571,9.6,2.15,0,KLIFS template structure,/ocean/projects/cis260039p/mjaju/projects/data/raw/pdb/4nif.pdb
8xov_A_ANP_15216,8xov,A,ANP,,RSK1,HOMO SAPIENS,,KLIFS_quality_score,6.8,unitless,template_quality,1,,15216,6.8,2.55,ANP,KLIFS template structure,/ocean/projects/cis260039p/mjaju/projects/data/raw/pdb/8xov.pdb
8wf4_A_0_15082,8wf4,A,0,,RSK1-b,HOMO SAPIENS,,KLIFS_quality_score,8.0,unitless,template_quality,1,,15082,8,2.65,0,KLIFS template structure,/ocean/projects/cis260039p/mjaju/projects/data/raw/pdb/8wf4.pdb
3g51_A_ANP_5695,3g51,A,ANP,,RSK2,MUS MUSCULUS,,KLIFS_quality_score,4.8,unitless,template_quality,1,,5695,4.8,1.8,ANP,KLIFS template structure,/ocean/projects/cis260039p/mjaju/projects/data/raw/pdb/3g51.pdb
5d9k_B_584_5987,5d9k,B,584,,RSK2,HOMO SAPIENS,,KLIFS_quality_score,9.2,unitless,template_quality,1,,5987,9.2,2.55,584,KLIFS template structure,/ocean/projects/cis260039p/mjaju/projects/data/raw/pdb/5d9k.pdb
4m8t_A_RMM_5756,4m8t,A,RMM,,RSK2-b,MUS MUSCULUS,,KLIFS_quality_score,9.1,unitless,template_quality,1,,5756,9.1,3,RMM,KLIFS template structure,/ocean/projects/cis260039p/mjaju/projects/data/raw/pdb/4m8t.pdb
4jg8_A_1LE_1497,4jg8,A,1LE,,RSK2-b,HOMO SAPIENS,,KLIFS_quality_score,9.6,unitless,template_quality,1,,1497,9.6,3.1,1LE,KLIFS template structure,/ocean/projects/cis260039p/mjaju/projects/data/raw/pdb/4jg8.pdb
1vzo_A_0_107,1vzo,A,0,,MSK1,HOMO SAPIENS,,KLIFS_quality_score,7.2,unitless,template_quality,1,,107,7.2,1.8,0,KLIFS template structure,/ocean/projects/cis260039p/mjaju/projects/data/raw/pdb/1vzo.pdb
7up6_A_SUU_14353,7up6,A,SUU,,MSK1-b,HOMO SAPIENS,,KLIFS_quality_score,8.8,unitless,template_quality,1,,14353,8.8,2.6,SUU,KLIFS template structure,/ocean/projects/cis260039p/mjaju/projects/data/raw/pdb/7up6.pdb
6g76_A_ANP_11006,6g76,A,ANP,,RSK4,HOMO SAPIENS,,KLIFS_quality_score,6.8,unitless,template_quality,1,,11006,6.8,3,ANP,KLIFS template structure,/ocean/projects/cis260039p/mjaju/projects/data/raw/pdb/6g76.pdb
3wf6_A_FZ9_1859,3wf6,A,FZ9,,p70S6K,HOMO SAPIENS,,KLIFS_quality_score,9.4,unitless,template_quality,1,,1859,9.4,2.03,FZ9,KLIFS template structure,/ocean/projects/cis260039p/mjaju/projects/data/raw/pdb/3wf6.pdb
6tua_A_0_11943,6tua,A,0,,RYK,HOMO SAPIENS,,KLIFS_quality_score,9.3,unitless,template_quality,1,,11943,9.3,2.38,0,KLIFS template structure,/ocean/projects/cis260039p/mjaju/projects/data/raw/pdb/6tua.pdb
2r5t_A_ANP_6849,2r5t,A,ANP,,SGK1,HOMO SAPIENS,,KLIFS_quality_score,6.2,unitless,template_quality,1,,6849,6.2,1.9,ANP,KLIFS template structure,/ocean/projects/cis260039p/mjaju/projects/data/raw/pdb/2r5t.pdb
8r4o_A_XVI_15242,8r4o,A,XVI,,QSK,HOMO SAPIENS,,KLIFS_quality_score,9.6,unitless,template_quality,1,,15242,9.6,2.725,XVI,KLIFS template structure,/ocean/projects/cis260039p/mjaju/projects/data/raw/pdb/8r4o.pdb
2jfl_A_DKI_1838,2jfl,A,DKI,,SLK,HOMO SAPIENS,,KLIFS_quality_score,9.0,unitless,template_quality,1,,1838,9,2.2,DKI,KLIFS template structure,/ocean/projects/cis260039p/mjaju/projects/data/raw/pdb/2jfl.pdb
7pw7_A_88C_14005,7pw7,A,88C,,SMG1,HOMO SAPIENS,,KLIFS_quality_score,7.2,unitless,template_quality,1,,14005,7.2,3.59,88C,KLIFS template structure,/ocean/projects/cis260039p/mjaju/projects/data/raw/pdb/7pw7.pdb
5yks_A_0_8660,5yks,A,0,,SNRK,HOMO SAPIENS,,KLIFS_quality_score,8.7,unitless,template_quality,1,,8660,8.7,2.9,0,KLIFS template structure,/ocean/projects/cis260039p/mjaju/projects/data/raw/pdb/5yks.pdb
8xn8_A_ADP_15182,8xn8,A,ADP,,SRC,MUS MUSCULUS,,KLIFS_quality_score,8.0,unitless,template_quality,1,,15182,8,1.95,ADP,KLIFS template structure,/ocean/projects/cis260039p/mjaju/projects/data/raw/pdb/8xn8.pdb
4k11_A_0J9_983,4k11,A,0J9,,SRC,HOMO SAPIENS,,KLIFS_quality_score,9.8,unitless,template_quality,1,,983,9.8,2.3,0J9,KLIFS template structure,/ocean/projects/cis260039p/mjaju/projects/data/raw/pdb/4k11.pdb
5my8_A_RXZ_9466,5my8,A,RXZ,,SRPK1,HOMO SAPIENS,,KLIFS_quality_score,8.0,unitless,template_quality,1,,9466,8,1.7,RXZ,KLIFS template structure,/ocean/projects/cis260039p/mjaju/projects/data/raw/pdb/5my8.pdb
7zkx_A_IXQ_14616,7zkx,A,IXQ,,SRPK2,HOMO SAPIENS,,KLIFS_quality_score,8.0,unitless,template_quality,1,,14616,8,2.06,IXQ,KLIFS template structure,/ocean/projects/cis260039p/mjaju/projects/data/raw/pdb/7zkx.pdb
5ajq_A_DB8_955,5ajq,A,DB8,,LOK,HOMO SAPIENS,,KLIFS_quality_score,9.6,unitless,template_quality,1,,955,9.6,2.2,DB8,KLIFS template structure,/ocean/projects/cis260039p/mjaju/projects/data/raw/pdb/5ajq.pdb
2wtk_C_ANP_1868,2wtk,C,ANP,,LKB1,HOMO SAPIENS,,KLIFS_quality_score,8.0,unitless,template_quality,1,,1868,8,2.65,ANP,KLIFS template structure,/ocean/projects/cis260039p/mjaju/projects/data/raw/pdb/2wtk.pdb
2buj_B_STU_2230,2buj,B,STU,,MPSK1,HOMO SAPIENS,,KLIFS_quality_score,9.2,unitless,template_quality,1,,2230,9.2,2.6,STU,KLIFS template structure,/ocean/projects/cis260039p/mjaju/projects/data/raw/pdb/2buj.pdb
7quf_A_F8I_14093,7quf,A,F8I,,DRAK1,HOMO SAPIENS,,KLIFS_quality_score,7.6,unitless,template_quality,1,,14093,7.6,2.6,F8I,KLIFS template structure,/ocean/projects/cis260039p/mjaju/projects/data/raw/pdb/7quf.pdb
3lm5_A_QUE_6795,3lm5,A,QUE,,DRAK2,HOMO SAPIENS,,KLIFS_quality_score,9.6,unitless,template_quality,1,,6795,9.6,2.29,QUE,KLIFS template structure,/ocean/projects/cis260039p/mjaju/projects/data/raw/pdb/3lm5.pdb
8qls_A_VYH_14872,8qls,A,VYH,,MST3,HOMO SAPIENS,,KLIFS_quality_score,9.4,unitless,template_quality,1,,14872,9.4,1.61,VYH,KLIFS template structure,/ocean/projects/cis260039p/mjaju/projects/data/raw/pdb/8qls.pdb
2xik_A_J60_463,2xik,A,J60,,YSK1,HOMO SAPIENS,,KLIFS_quality_score,9.2,unitless,template_quality,1,,463,9.2,1.97,J60,KLIFS template structure,/ocean/projects/cis260039p/mjaju/projects/data/raw/pdb/2xik.pdb
3ggf_A_GVD_1807,3ggf,A,GVD,,MST4,HOMO SAPIENS,,KLIFS_quality_score,9.6,unitless,template_quality,1,,1807,9.6,2.35,GVD,KLIFS template structure,/ocean/projects/cis260039p/mjaju/projects/data/raw/pdb/3ggf.pdb
5dh3_A_5BS_7028,5dh3,A,5BS,,MST2,HOMO SAPIENS,,KLIFS_quality_score,9.6,unitless,template_quality,1,,7028,9.6,2.47,5BS,KLIFS template structure,/ocean/projects/cis260039p/mjaju/projects/data/raw/pdb/5dh3.pdb
4fr4_D_STU_4687,4fr4,D,STU,,YANK1,HOMO SAPIENS,,KLIFS_quality_score,9.7,unitless,template_quality,1,,4687,9.7,2.29,STU,KLIFS template structure,/ocean/projects/cis260039p/mjaju/projects/data/raw/pdb/4fr4.pdb
6bxi_B_ANP_10325,6bxi,B,ANP,,NDR1,HOMO SAPIENS,,KLIFS_quality_score,9.6,unitless,template_quality,1,,10325,9.6,2.2,ANP,KLIFS template structure,/ocean/projects/cis260039p/mjaju/projects/data/raw/pdb/6bxi.pdb
5d9h_B_ATP_6024,5d9h,B,ATP,,STLK3,MUS MUSCULUS,,KLIFS_quality_score,8.0,unitless,template_quality,1,,6024,8,3.1,ATP,KLIFS template structure,/ocean/projects/cis260039p/mjaju/projects/data/raw/pdb/5d9h.pdb
6yat_A_OJ5_12241,6yat,A,OJ5,,MST1,HOMO SAPIENS,,KLIFS_quality_score,8.0,unitless,template_quality,1,,12241,8,2.58,OJ5,KLIFS template structure,/ocean/projects/cis260039p/mjaju/projects/data/raw/pdb/6yat.pdb
5l2q_B_0_8011,5l2q,B,0,,SgK495,HOMO SAPIENS,,KLIFS_quality_score,5.5,unitless,template_quality,1,,8011,5.5,2.53,0,KLIFS template structure,/ocean/projects/cis260039p/mjaju/projects/data/raw/pdb/5l2q.pdb
3gni_B_ATP_3486,3gni,B,ATP,,STLK5,HOMO SAPIENS,,KLIFS_quality_score,8.0,unitless,template_quality,1,,3486,8,2.35,ATP,KLIFS template structure,/ocean/projects/cis260039p/mjaju/projects/data/raw/pdb/3gni.pdb
1fvr_B_0_5554,1fvr,B,0,,TIE2,HOMO SAPIENS,,KLIFS_quality_score,8.0,unitless,template_quality,1,,5554,8,2.2,0,KLIFS template structure,/ocean/projects/cis260039p/mjaju/projects/data/raw/pdb/1fvr.pdb
5e8s_A_0_6619,5e8s,A,0,,TGFbR1,HOMO SAPIENS,,KLIFS_quality_score,9.8,unitless,template_quality,1,,6619,9.8,1.45,0,KLIFS template structure,/ocean/projects/cis260039p/mjaju/projects/data/raw/pdb/5e8s.pdb
5qin_A_J2V_10663,5qin,A,J2V,,TGFbR2,HOMO SAPIENS,,KLIFS_quality_score,9.4,unitless,template_quality,1,,10663,9.4,1.57,J2V,KLIFS template structure,/ocean/projects/cis260039p/mjaju/projects/data/raw/pdb/5qin.pdb
5o0y_A_AGS_9943,5o0y,A,AGS,,TLK2,HOMO SAPIENS,,KLIFS_quality_score,8.0,unitless,template_quality,1,,9943,8,2.86,AGS,KLIFS template structure,/ocean/projects/cis260039p/mjaju/projects/data/raw/pdb/5o0y.pdb
7xzq_A_0_14474,7xzq,A,0,,TNIK,HOMO SAPIENS,,KLIFS_quality_score,9.7,unitless,template_quality,1,,14474,9.7,2.09,0,KLIFS template structure,/ocean/projects/cis260039p/mjaju/projects/data/raw/pdb/7xzq.pdb
6vqm_B_R7P_13290,6vqm,B,R7P,,ACK,HOMO SAPIENS,,KLIFS_quality_score,9.0,unitless,template_quality,1,,13290,9,2.87,R7P,KLIFS template structure,/ocean/projects/cis260039p/mjaju/projects/data/raw/pdb/6vqm.pdb
4yfi_A_4CW_6059,4yfi,A,4CW,,HH498,HOMO SAPIENS,,KLIFS_quality_score,9.9,unitless,template_quality,1,,6059,9.9,2.7,4CW,KLIFS template structure,/ocean/projects/cis260039p/mjaju/projects/data/raw/pdb/4yfi.pdb
7szc_A_DO0_14559,7szc,A,DO0,,PRPK,HOMO SAPIENS,,KLIFS_quality_score,8.0,unitless,template_quality,1,,14559,8,1.71,DO0,KLIFS template structure,/ocean/projects/cis260039p/mjaju/projects/data/raw/pdb/7szc.pdb
6dc0_A_0_10622,6dc0,A,0,,Trb1,HOMO SAPIENS,,KLIFS_quality_score,6.8,unitless,template_quality,1,,10622,6.8,2.8,0,KLIFS template structure,/ocean/projects/cis260039p/mjaju/projects/data/raw/pdb/6dc0.pdb
7upm_A_0_14365,7upm,A,0,,Trb2,HOMO SAPIENS,,KLIFS_quality_score,7.2,unitless,template_quality,1,,14365,7.2,2.7,0,KLIFS template structure,/ocean/projects/cis260039p/mjaju/projects/data/raw/pdb/7upm.pdb
7q8y_A_9IV_14138,7q8y,A,9IV,,TTBK2,HOMO SAPIENS,,KLIFS_quality_score,9.6,unitless,template_quality,1,,14138,9.6,1.6,9IV,KLIFS template structure,/ocean/projects/cis260039p/mjaju/projects/data/raw/pdb/7q8y.pdb
6fdz_U_C87_10390,6fdz,U,C87,,ULK3,HOMO SAPIENS,,KLIFS_quality_score,8.0,unitless,template_quality,1,,10390,8,2.55,C87,KLIFS template structure,/ocean/projects/cis260039p/mjaju/projects/data/raw/pdb/6fdz.pdb
6tsz_U_AGS_11904,6tsz,U,AGS,,ULK4,HOMO SAPIENS,,KLIFS_quality_score,9.0,unitless,template_quality,1,,11904,9,1.9,AGS,KLIFS template structure,/ocean/projects/cis260039p/mjaju/projects/data/raw/pdb/6tsz.pdb
6bru_A_0_9082,6bru,A,0,,VRK1,HOMO SAPIENS,,KLIFS_quality_score,9.6,unitless,template_quality,1,,9082,9.6,1.8,0,KLIFS template structure,/ocean/projects/cis260039p/mjaju/projects/data/raw/pdb/6bru.pdb
5uu1_A_7DZ_7499,5uu1,A,7DZ,,VRK2,HOMO SAPIENS,,KLIFS_quality_score,8.2,unitless,template_quality,1,,7499,8.2,2,7DZ,KLIFS template structure,/ocean/projects/cis260039p/mjaju/projects/data/raw/pdb/5uu1.pdb
2jii_B_0_2936,2jii,B,0,,VRK3,HOMO SAPIENS,,KLIFS_quality_score,8.0,unitless,template_quality,1,,2936,8,2,0,KLIFS template structure,/ocean/projects/cis260039p/mjaju/projects/data/raw/pdb/2jii.pdb
1x8b_A_824_209,1x8b,A,824,,Wee1,HOMO SAPIENS,,KLIFS_quality_score,9.0,unitless,template_quality,1,,209,9,1.81,824,KLIFS template structure,/ocean/projects/cis260039p/mjaju/projects/data/raw/pdb/1x8b.pdb
5vdk_A_8X7_8349,5vdk,A,8X7,,Wee1B,HOMO SAPIENS,,KLIFS_quality_score,8.0,unitless,template_quality,1,,8349,8,2.7,8X7,KLIFS template structure,/ocean/projects/cis260039p/mjaju/projects/data/raw/pdb/5vdk.pdb
5we8_B_ANP_8327,5we8,B,ANP,,Wnk1,HOMO SAPIENS,,KLIFS_quality_score,8.0,unitless,template_quality,1,,8327,8,2.01,ANP,KLIFS template structure,/ocean/projects/cis260039p/mjaju/projects/data/raw/pdb/5we8.pdb
5o23_B_0_8159,5o23,B,0,,Wnk3,HOMO SAPIENS,,KLIFS_quality_score,9.7,unitless,template_quality,1,,8159,9.7,2.25,0,KLIFS template structure,/ocean/projects/cis260039p/mjaju/projects/data/raw/pdb/5o23.pdb
2ozo_A_ANP_2735,2ozo,A,ANP,,ZAP70,HOMO SAPIENS,,KLIFS_quality_score,9.0,unitless,template_quality,1,,2735,9,2.6,ANP,KLIFS template structure,/ocean/projects/cis260039p/mjaju/projects/data/raw/pdb/2ozo.pdb
